Feature,Max_Sensitivity_%,Avg_Sensitivity_%,Sensitivity_Rank
Temperature_K,54.034544722518184,26.88733589091705,1
Cover_Thickness_mm,14.913220979758147,10.904490097641883,2
Time_Years,9.3719516713469,5.083652920438766,3
Relative_Humidity_pct,9.205528743489035,7.026766988352305,4
Chloride_Ion_Content_kgm3,6.315216955252842,3.744880747971848,5
Reinforcement_Diameter_mm,4.633635151246394,3.0105833364988426,6
Water_Cement_Ratio,4.136484084818188,1.6369556495367104,7
