Metric,Value,Target_Met
R²,0.8143812205859265,False
RMSE,0.054942834178579245,N/A
MAE,0.04321799840935302,N/A
<5% Error,8.571428571428571,N/A
<10% Error,34.285714285714285,False
<15% Error,42.857142857142854,N/A
<20% Error,60.0,N/A
<30% Error,74.28571428571429,N/A
